playlist_id,track_id
20230304120000-e72c000650a647178993128613423d55,65e3654dfc13ae0e3fcd36d9
20230304120000-e72c000650a647178993128613423d55,65e3654dfc13ae0e3fcd36db 
20230304120000-e72c000650a647178993128613423d55,65e3654dfc13ae0e3fcd36f1
20230304120000-e72c000650a647178993128613423d55,65e3654dfc13ae0e3fcd36e5
20230304120000-e72c000650a647178993128613423d55,65e3654dfc13ae0e3fcd36e3 
20230220120001-00a05fed3b5441a18dad0322727a78da,65e3654dfc13ae0e3fcd36cd 
20230220120001-00a05fed3b5441a18dad0322727a78da,65e3654dfc13ae0e3fcd36cf 
20230220120001-00a05fed3b5441a18dad0322727a78da,65e3654dfc13ae0e3fcd36d1 
20230220120001-00a05fed3b5441a18dad0322727a78da,65e3654dfc13ae0e3fcd36d3 
20230220120001-00a05fed3b5441a18dad0322727a78da,65e3654dfc13ae0e3fcd36d5
20230125120002-6efa23ec3bd04b82b631962f416384a8,65e3654dfc13ae0e3fcd36d7
20230125120002-6efa23ec3bd04b82b631962f416384a8,65e3654dfc13ae0e3fcd36eb
20230125120002-6efa23ec3bd04b82b631962f416384a8,65e3654dfc13ae0e3fcd36d9
20230125120002-6efa23ec3bd04b82b631962f416384a8,65e3654dfc13ae0e3fcd36db
20230125120002-6efa23ec3bd04b82b631962f416384a8,65e3654dfc13ae0e3fcd36f1
20230717120003-15c36c9a6d344cb88799a7089b36fa09,65e3654dfc13ae0e3fcd3701
20230717120003-15c36c9a6d344cb88799a7089b36fa09,65e3654dfc13ae0e3fcd3705
20230717120003-15c36c9a6d344cb88799a7089b36fa09,65e3654dfc13ae0e3fcd3707
20230717120003-15c36c9a6d344cb88799a7089b36fa09,65e3654dfc13ae0e3fcd3709
20230211120004-b025f9731eb4446db4c17ce9c3fced9d,65e3654dfc13ae0e3fcd36df
20230211120004-b025f9731eb4446db4c17ce9c3fced9d,65e3654dfc13ae0e3fcd36e1
20230211120004-b025f9731eb4446db4c17ce9c3fced9d,65e3654dfc13ae0e3fcd36e3
20230211120004-b025f9731eb4446db4c17ce9c3fced9d,65e3654dfc13ae0e3fcd36e5
20230211120004-b025f9731eb4446db4c17ce9c3fced9d,65e3654dfc13ae0e3fcd36e7
20230118120005-4ed2412d60844c359077f0eb8d9dc374,65e3654dfc13ae0e3fcd36c7
20230118120005-4ed2412d60844c359077f0eb8d9dc374,65e3654dfc13ae0e3fcd36cb
20230118120005-4ed2412d60844c359077f0eb8d9dc374,65e3654dfc13ae0e3fcd36cf
20230118120005-4ed2412d60844c359077f0eb8d9dc374,65e3654dfc13ae0e3fcd36d1
20230118120005-4ed2412d60844c359077f0eb8d9dc374,65e3654dfc13ae0e3fcd36d3
20230212120006-cee7e196937b4985801607cf77c8f35b,65e3654dfc13ae0e3fcd36d5
20230212120006-cee7e196937b4985801607cf77c8f35b,65e3654dfc13ae0e3fcd36d7
20230212120006-cee7e196937b4985801607cf77c8f35b,65e3654dfc13ae0e3fcd36d9
20230212120006-cee7e196937b4985801607cf77c8f35b,65e3654dfc13ae0e3fcd36db
20230212120006-cee7e196937b4985801607cf77c8f35b,65e3654dfc13ae0e3fcd36dd
20230426120007-9c5ee840c8b24d5886c7d87c5aac04f1,65e3654dfc13ae0e3fcd36e9
20230426120007-9c5ee840c8b24d5886c7d87c5aac04f1,65e3654dfc13ae0e3fcd36eb
20230426120007-9c5ee840c8b24d5886c7d87c5aac04f1,65e3654dfc13ae0e3fcd36ed
20230426120007-9c5ee840c8b24d5886c7d87c5aac04f1,65e3654dfc13ae0e3fcd36ef
20230426120007-9c5ee840c8b24d5886c7d87c5aac04f1,65e3654dfc13ae0e3fcd36f1
20230312120008-fdb29741d9ba4019af9f5d869290af2e,65e3654dfc13ae0e3fcd36f3
20230312120008-fdb29741d9ba4019af9f5d869290af2e,65e3654dfc13ae0e3fcd36f5
20230312120008-fdb29741d9ba4019af9f5d869290af2e,65e3654dfc13ae0e3fcd36f7
20230312120008-fdb29741d9ba4019af9f5d869290af2e,65e3654dfc13ae0e3fcd36f9
20230312120008-fdb29741d9ba4019af9f5d869290af2e,65e3654dfc13ae0e3fcd36fb
20230601120009-1a9288dde1b848fc9d38241d0738098f,65e3654dfc13ae0e3fcd370b
20230601120009-1a9288dde1b848fc9d38241d0738098f,65e3654dfc13ae0e3fcd370d
20230601120009-1a9288dde1b848fc9d38241d0738098f,65e3654dfc13ae0e3fcd36c1
20230601120009-1a9288dde1b848fc9d38241d0738098f,65e3654dfc13ae0e3fcd36c3
20230601120009-1a9288dde1b848fc9d38241d0738098f,65e3654dfc13ae0e3fcd36c5
